company	ticker	id	name	disclosedName	sourcePage	preIpoShares	preIpoOwnershipPct	nameResolution	definitionSourcePage	evidence
澜起科技	688008	star-investor-fa491a9f969c92b18c	中国电子投资控股有限公司	中电投控	95	161716775.0	15.904	definitions	18	1 中电投控 161,716,775 15.904 161,716,775 14.314
澜起科技	688008	star-investor-a5995aabad4de6a213	Intel Capital Corporation	Intel Capital	97	101683250.0	10.0	basic-information	19	45 Intel Capital 101,683,250 10.000 101,683,250 9.000
澜起科技	688008	star-investor-093a4a20c1748b8689	WLT Partners, L.P.	WLT	95	87816687.0	8.636	definitions	18	3 WLT 87,816,687 8.636 87,816,687 7.773
澜起科技	688008	star-investor-3429a82dc08be2272a	珠海融英股权投资合伙企业（有限合伙）	珠海融英	95	69265238.0	6.812	definitions	18	4 珠海融英 69,265,238 6.812 69,265,238 6.131
澜起科技	688008	star-investor-0a17f350d068c988ce	上海理能资产管理有限公司	上海临理	95	53506750.0	5.262	basic-information	18	5 上海临理 53,506,750 5.262 53,506,750 4.736
澜起科技	688008	star-investor-576658ba84abffe48c	中信证券投资有限公司	中证投资	96	51033325.0	5.019	definitions	18	20 中证投资 51,033,325 5.019 51,033,325 4.517
澜起科技	688008	star-investor-258dac8aee2e43ec8c	Xinyun Capital Fund I, L.P .	Xinyun I	96	44247750.0	4.352	definitions	18	14 Xinyun I 44,247,750 4.352 44,247,750 3.916
澜起科技	688008	star-investor-2248583505fd07c64b	嘉兴宏鼎投资管理合伙企业（有限合伙）	嘉兴宏越	96	44247750.0	4.352	basic-information	18	12 嘉兴宏越 44,247,750 4.352 44,247,750 3.916
澜起科技	688008	star-investor-867cb4982025c2c12c	金石中睿一期（深圳）股权投资合伙企业（有限合伙）	中睿一期	96	35294550.0	3.471	definitions	18	21 中睿一期 35,294,550 3.471 35,294,550 3.124
澜起科技	688008	star-investor-fd242f6507d0bf18db	嘉兴萚石三号投资合伙企业（有限合伙）	萚石三号	96	32972200.0	3.243	definitions	18	19 萚石三号 32,972,200 3.243 32,972,200 2.918
澜起科技	688008	star-investor-bc6355c90e93ae86e1	珠海融扬股权投资合伙企业（有限合伙）	珠海融扬	96	25939975.0	2.551	definitions	19	23 珠海融扬 25,939,975 2.551 25,939,975 2.296
澜起科技	688008	star-investor-43eda434f19eb9a52c	嘉兴萚石一号投资合伙企业（有限合伙）	萚石一号	96	22772325.0	2.24	definitions	18	17 萚石一号 22,772,325 2.240 22,772,325 2.016
澜起科技	688008	star-investor-6deb4fcc84d7788826	上海华伊投资中心（有限合伙）	上海华伊	96	21500000.0	2.114	definitions	19	27 上海华伊 21,500,000 2.114 21,500,000 1.903
澜起科技	688008	star-investor-dc8f7e4a3424f71576	嘉兴中电朝云投资管理有限公司	嘉兴芯电	95	21128300.0	2.078	basic-information	18	2 嘉兴芯电 21,128,300 2.078 21,128,300 1.870
澜起科技	688008	star-investor-eeb69f260432da5584	宁波梅山保税港区宏燚投资管理有限公司	嘉兴莫奈	96	20634525.0	2.029	basic-information	18	13 嘉兴莫奈 20,634,525 2.029 20,634,525 1.826
澜起科技	688008	star-investor-89ce3f18582ebd7274	法鳌资本管理（北京）有限公司	上海临丰	95	18610575.0	1.83	basic-information	18	6 上海临丰 18,610,575 1.830 18,610,575 1.647
澜起科技	688008	star-investor-c2be397f3720537cae	新疆泰瑞嘉德股权投资合伙企业（有限合伙）	泰瑞嘉德	96	16108750.0	1.584	definitions	19	25 泰瑞嘉德 16,108,750 1.584 16,108,750 1.426
澜起科技	688008	star-investor-c00250a493afda7f3e	深圳市领骥资本管理有限公司	上海临骥	96	15234825.0	1.498	basic-information	18	7 上海临骥 15,234,825 1.498 15,234,825 1.348
澜起科技	688008	star-investor-8282c55eb82ee6704f	北京盛世共赢资产管理有限公司	上海临利	96	13339175.0	1.312	basic-information	18	8 上海临利 13,339,175 1.312 13,339,175 1.181
澜起科技	688008	star-investor-6faed10c8767a32d49	青岛海丝泉宗投资管理有限公司	上海临国	96	13070825.0	1.285	basic-information	18	9 上海临国 13,070,825 1.285 13,070,825 1.157
澜起科技	688008	star-investor-c6d02d50556b91540c	嘉兴萚石二号投资合伙企业（有限合伙）	萚石二号	96	13038000.0	1.282	definitions	18	18 萚石二号 13,038,000 1.282 13,038,000 1.154
澜起科技	688008	star-investor-e01ef67b998cf7966a	Xinyun Capital Fund, L.P.	Xinyun	96	12057500.0	1.186	definitions	18	15 Xinyun 12,057,500 1.186 12,057,500 1.067
澜起科技	688008	star-investor-8de143c6e4b7e00178	中国光大投资管理有限责任公司	光大投资	96	10535175.0	1.036	definitions	19	28 光大投资 ss 10,535,175 1.036 10,535,175 0.932
澜起科技	688008	star-investor-47b2ea4369a4efac33	西藏长乐投资有限公司	西藏长乐	96	10217075.0	1.005	definitions	19	29 西藏长乐 10,217,075 1.005 10,217,075 0.904
澜起科技	688008	star-investor-72af59688eb62deba5	宁波信远融科股权投资基金合伙企业（有限合伙）	宁波信远	96	10206675.0	1.004	definitions	19	30 宁波信远 10,206,675 1.004 10,206,675 0.903
澜起科技	688008	star-investor-14fefdd9611c469277	厦门市华天宇股权投资合伙企业（有限合伙）	华天宇投资	96	9758175.0	0.96	definitions	19	26 华天宇投资 9,758,175 0.960 9,758,175 0.864
澜起科技	688008	star-investor-77d30f01e495cde650	上海临桐建发投资合伙企业（有限合伙）	临桐建发	96	9276675.0	0.912	definitions	18	10 临桐建发 9,276,675 0.912 9,276,675 0.821
澜起科技	688008	star-investor-e7f1a96a62576b4e4d	杭州调露投资管理合伙企业（有限合伙）	杭州调露	96	9250000.0	0.91	definitions	19	31 杭州调露 9,250,000 0.910 9,250,000 0.819
澜起科技	688008	star-investor-fadb1826c6b051f016	上海君弼投资管理合伙企业（有限合伙）	上海君弼	96	8235350.0	0.81	definitions	19	32 上海君弼 8,235,350 0.810 8,235,350 0.729
澜起科技	688008	star-investor-e14249db328643788c	Green Spark Investment Limited	Green Spark	96	7525000.0	0.74	definitions	19	33 Green Spark 7,525,000 0.740 7,525,000 0.666
澜起科技	688008	star-investor-079d618464da42bcef	上海临齐投资合伙企业（有限合伙）	上海临齐	96	7011450.0	0.69	definitions	18	11 上海临齐 7,011,450 0.690 7,011,450 0.621
澜起科技	688008	star-investor-f6f4c8dbc1d4922436	金石中睿二期（深圳）股权投资合伙企业（有限合伙）	中睿二期	96	5597200.0	0.55	definitions	18	22 中睿二期 5,597,200 0.550 5,597,200 0.495
澜起科技	688008	star-investor-de034e04e0c5b38b5d	New Speed Consultancy Co., Ltd.	New Speed	96	3125000.0	0.307	definitions	19	35 New Speed 3,125,000 0.307 3,125,000 0.277
澜起科技	688008	star-investor-32ee56148cf362c7e8	TransLink Capital Partners I, L.P.	TransLink	96	3125000.0	0.307	definitions	19	36 TransLink 3,125,000 0.307 3,125,000 0.277
澜起科技	688008	star-investor-4acb2115617535ce80	Hong Kong Pine Stone Capital Limited	Pine Stone Capital	96	2212500.0	0.218	definitions	19	37 Pine Stone Capital 2,212,500 0.218 2,212,500 0.196
澜起科技	688008	star-investor-260cee3c8d877735f6	Xinyun Capital Fund III, L.P.	Xinyun III	96	2076425.0	0.204	definitions	18	16 Xinyun III 2,076,425 0.204 2,076,425 0.184
澜起科技	688008	star-investor-72e324f2a26c6dbe0a	Beijing Integrated Circuit Industry International Fund, L.P.	BICI	96	1047350.0	0.103	definitions	19	38 BICI 1,047,350 0.103 1,047,350 0.093
澜起科技	688008	star-investor-71f2ecb9c9bf1fe001	深圳前海珂玺资本管理有限公司	前海珂玺	97	196250.0	0.019	definitions	19	41 前海珂玺 196,250 0.019 196,250 0.017
中微公司	688012	star-investor-b3fe3d3bb446a6352c	上海创业投资有限公司	上海创投	83	96383533.0	20.02	definitions	17	1 上海创投 96,383,533 20.02%
中微公司	688012	star-investor-062205f497151adaa4	巽鑫（上海）投资有限公司	巽鑫投资	83	93337887.0	19.39	definitions	17	2 巽鑫投资 93,337,887 19.39%
中微公司	688012	star-investor-ed6d125e68062dd8c2	南昌智微企业管理合伙企业（有限合伙）	南昌智微	83	30644454.0	6.37	definitions	18	3 南昌智微 30,644,454 6.37%
中微公司	688012	star-investor-8d661f7dbe9c3e6a5e	置都（上海）投资中心（有限合伙）	置都投资	83	26383986.0	5.48	definitions	17	4 置都投资 26,383,986 5.48%
中微公司	688012	star-investor-5de6efc5b3c411a8a2	Advanced Micro-Fabrication Equipment Inc. Asia	中微亚洲	83	24821537.0	5.15	definitions	17	5 中微亚洲 24,821,537 5.15%
中微公司	688012	star-investor-cbff853c51da0ab505	嘉兴悦橙投资合伙企业（有限合伙）	悦橙投资	83	22565991.0	4.69	definitions	17	6 悦橙投资 22,565,991 4.69%
中微公司	688012	star-investor-852d2284e905a66a95	国开创新资本投资有限责任公司	国开创新	83	19691183.0	4.09	definitions	17	7 国开创新 19,691,183 4.09%
中微公司	688012	star-investor-1ba0420f78aa242634	Primrose Capital Limited	Primrose	83	19598224.0	4.07	definitions	17	8 Primrose 19,598,224 4.07%
中微公司	688012	star-investor-0e6aa3d38363e71864	嘉兴创橙投资合伙企业（有限合伙）	创橙投资	83	13184004.0	2.74	definitions	17	9 创橙投资 13,184,004 2.74%
中微公司	688012	star-investor-a344c0afed4893ecf4	义乌和谐锦弘股权投资合伙企业（有限合伙）	和谐锦弘	83	12796240.0	2.66	definitions	17	10 和谐锦弘 12,796,240 2.66%
中微公司	688012	star-investor-092b5f6f5a71a08475	合肥茂流投资中心合伙企业（有限合伙）	茂流投资	83	3877648.0	0.81	definitions	17	24 茂流投资 3,877,648 0.81% 3,877,648 0.72%
中微公司	688012	star-investor-392e8dec6b1f255462	Futago Pte. Ltd.	Futago	83	3767092.0	0.78	definitions	18	25 Futago 3,767,092 0.78% 3,767,092 0.70%
中微公司	688012	star-investor-bac4f487ba4aa6be89	上海励微投资管理合伙企业（有限合伙）	励微投资	83	1959667.0	0.41	definitions	17	29 励微投资 1,959,667 0.41% 1,959,667 0.37%
中微公司	688012	star-investor-d393b212385f098d78	上海芃徽投资管理合伙企业（有限合伙）	芃徽投资	83	246774.0	0.05	definitions	17	34 芃徽投资 246,774 0.05% 246,774 0.05%
